{
    "spec": "2.0",
    "mod_id": "KSRe",
    "author": "sunnypunny",
    "name": "KSRe",
    "description": "Emergent gameplay overhaul",
    "source": "https://www.curseforge.com/kerbal-space-program-2/mods/ksre",
    "version": "0.24.9",
    "ksp2_version": {
        "min": "0.2.0",
        "max": "*"
    },
    "dependencies": [
        {
            "id": "com.github.x606.spacewarp",
            "version": {
                "min": "1.8.0",
                "max": "*"
            }
        },
        {
            "id": "PatchManager",
            "version": {
                "min": "0.11.1",
                "max": "*"
            }
        }
    ]
}