{
	"EVA": [ "eva_kerbal" ],
	"EVA SEAT": [ "seat_0v_external_crew" ],
	"DRIVER": [ "cockpit_3v_truck_crew" ],
	"PILOT": [ "pod_1v_conical_crew", "pod_2v_conical_crew", "pod_3v_conical_crew", "cockpit_1v_m1_crew", "cockpit_1v_m1_inline_crew", "cockpit_2v_m2_crew", "cockpit_2v_m2_inline_crew", "cockpit_3v_m3_crew", "pod_1v_lander_crew", "pod_2v_lander_crew", "pod_3v_lander_crew" ],
	"PASSENGER": [ "cabin_1v_m1_crew", "cabin_2v_m2_crew", "cabin_3v_m3_crew", "iss_zarya", "iss_unity" ],
	"REST": [ "cabin_2v_crew_hitchhiker", "cabin_3v_crew", "iss_zvezda" ],
	"STARGAZER": [ "pod_2v_cupola_crew" ],
	"EXERCISE": [ "lab_2v_science_orbital" ],
	"RESEARCH": [ "lab_2v_science_marine" ],
}