{
	"C7": [ "engine_0v_methane_whittle", "engine_1v_methalox_dart", "engine_1v_methane-methalox_rapier", "engine_1v_turbofan_methane_panther", "engine_1v_turbofan_methane_wheesley", "engine_1v_turboramjet_methane_whiplash", "engine_2v_turbofan_methane_goliath" ],
	"Ionic": [ "engine_0v_xenon_dawn", "engine_1v_xenon_twilight" ],
	"JebsJunkyard": [ "engine_0v_methalox_ant", "engine_0v_methalox_spider", "engine_1v_hydrogen_nerv", "engine_1v_methalox_cornet", "engine_1v_methalox_reliant", "engine_1v_methalox_swivel", "engine_1v_methalox_terrier", "engine_2v_methalox_trumpet", "engine_3v_hydrogen_swerv", "engine_3v_methalox_tuba" ],
	"KerbalMotion": [ "wheel_0v_rover", "wheel_1v_rover", "wheel_2v_rover_ruggedized", "wheel_2v_truck", "wheel_3v_rover", ],
	"Kerbodyne": [ "engine_1v_methalox_vector", "engine_3v_methalox_labradoodle", "engine_3v_methalox_mammoth", "engine_3v_methalox_rhino", "booster_1v_solid_kickback", "booster_2v_solid_clydesdale" ],
	"Lightyear": [ "landinggear_0v_steerable", "landinggear_0v_steerable", "landinggear_1v", "landinggear_1v_fixed", "landinggear_2v", "landinggear_3v", "landinggear_4v" ],
	"Periapsis": [ "booster_0v_solid_sepratron" ],
	"ReactionSystems": [ "engine_0v_monoprop_puff", "rcs_0v_linear_methalox", "rcs_0v_linear_monoprop" ],
	"Rockomax": [ "engine_0v_methalox_spark", "engine_0v_methalox_twitch", "engine_1v_methalox_thud", "engine_2v_methalox_mainsail", "engine_2v_methalox_poodle", "engine_2v_methalox_skipper", "booster_1v_solid_thumper" ],
	"STEADLER": [ "rcs_0v_block_monoprop" ],
}