{
    "Command": [ "---" ],
	"Control": [ "---" ],
	"Engineering": [ "trusses_0", "1v_trusses" ],
	"Flight": [ "---" ],
	"ScienceData": [ "2v_science_01",  "1v_science_02", "0v_science_02", "1v_science_01", "2v_science_03" ],
	"ScienceSample": [ "2v_science_02", "1v_science_01" ],
	"Propulsion": [ "1v_monoprop", "0v_boosters_01", "0v_boosters_02", "0v_rockets_01", "1v_rockets_01", "1v_rockets_04", "0v_rockets_02", "1v_xenon", "pal5000_06" ],
	"Aeronautics": [ "---" ],
	"Electrical": [ "---" ],
	"Medicine": [ "---" ],
	"Psychology": [ "---" ],
	"Command_Missions": [ "---" ],
	"Psychology_CrewObservation": [ "---" ],
	"Control_SOI": [ "---" ],
	"Engineering_Age": [ "---" ],
	"Engineering_Assembly": [ "---" ],
	"Engineering_Faults": [ "pal5000_09" ],
	"Engineering_Repairs": [ "pal5000_07", "pal5000_08", "pal5000_09" ],
	"Flight_Heat": [ "pal5000_03", "heat" ],
	"Flight_GeeForces": [ "pal5000_02" ],
	"Flight_Impacts": [ "pal5000_01", "utility" ],
	"Flight_Ullage": [ "pal5000_05" ],
	"Flight_Boiloff": [ "pal5000_10", "4v_hydrogen_01" ],
	"Propulsion_RCS": [ "---" ],
	"Propulsion_Methalox": [ "1v_rockets_02", "2v_rockets_02", "3v_rockets_02", "4v_rockets_02" ],
	"Propulsion_DeepThrottle": [ "2v_rockets_04", "3v_rockets_04" ],
	"Propulsion_Cryogenic": [ "2v_rockets_01", "3v_rockets_01", "4v_rockets_01", "rockets_03", "2v_hydrogen", "3v_hydrogen_01", "3v_aero_03", "rockets_05" ],
	"Propulsion_DeepSpace": [ "3v_hydrogen_01" ],
	"Propulsion_SolidFuelBooster": [ "1v_boosters", "2v_boosters" ],
	"Aeronautics_JetEngine": [ "1v_aero_03", "2v_aero_02", "2v_aero_03", "3v_aero_02", "3v_aero_03" ],
	"Aeronautics_LandingGear": [ "wheels" ],
	"Electrical_Wheel": [ "rover" ],
	"ScienceData_AtmosphereSurvey": [ "1v_aero_02", "0v_aero" ],
	"ScienceData_EnvironmentSurvey": [ "---" ],
	"ScienceData_MarineSurvey": [ "---" ],
	"ScienceData_OrbitalSurvey": [ "---" ],
	"ScienceData_RadiationObservation": [ "2v_hydrogen" ],
	"ScienceData_SubstanceSurvey": [ "---" ],
	"ScienceData_SurfaceSurvey": [ "wheels", "rover" ],
	"ScienceSample_AtmosphereSurvey": [ "---" ],
	"ScienceSample_EnvironmentSurvey": [ "---" ],
	"ScienceSample_MarineSurvey": [ "---" ],
	"ScienceSample_OrbitalSurvey": [ "---" ],
	"ScienceSample_RadiationObservation": [ "---" ],
	"ScienceSample_SubstanceSurvey": [ "---" ],
	"ScienceSample_SurfaceSurvey": [ "0v_science_01" ]
}